{"cameraMode":{"drawMode":0,"name":"Shaded","section":"Shading Mode"},"sceneLighting":true,"audioPlay":false,"sceneViewState":{"showFog":true,"showMaterialUpdate":true,"showSkybox":true,"showFlares":true,"showImageEffects":true,"showParticleSystems":true},"in2DMode":false,"pivot":{"x":-3.1370110511779787,"y":-0.2638373076915741,"z":0.279296875},"rotation":{"x":0.44919708371162417,"y":0.0974862352013588,"z":-0.04938462749123573,"w":0.8867241144180298},"size":9.2989501953125,"orthographic":false}